qid	docid	prediction
q10	p4849	"{""relevance"": 2, ""explanation"": ""The passage explains the purpose of a specific type of military aircraft, which includes making low-level attacks, but it does not directly answer the question of why pilots purposely fly low in general.""}"
q10	p6121	"{""relevance"": 0, ""explanation"": ""The passage does not mention pilots flying low for any purpose, it only talks about the history of attack aircraft in World War I and II.""}"
q10	p8525	"{""relevance"": 0, ""explanation"": ""The passage does not mention pilots flying low, instead it talks about bombers flying high to avoid defensive measures.""}"
q10	p3514	"{""relevance"": 2, ""explanation"": ""The passage explains a specific scenario where pilots fly low, which is related to the query, but it doesn't provide a general answer to why pilots purposely fly low.""}"
q10	p4086	"{""relevance"": 1, ""explanation"": ""The passage mentions military aircraft operating at lower altitudes, which is related to the query about pilots flying low, but it does not provide a direct answer to why pilots do so.""}"
q10	p10264	"{""relevance"": 1, ""explanation"": ""The passage mentions 'low-flying' in the context of cruise missiles, which is related to the query about pilots flying low, but it does not provide a direct answer to the question of why pilots do so.""}"
q10	p8485	"{""relevance"": 0, ""explanation"": ""The passage discusses the different categories of military aircraft, but does not provide any information about pilots flying low or the reasons behind it, making it irrelevant to the query.""}"
q10	p2229	"{""relevance"": 0, ""explanation"": ""The passage does not mention pilots or flying low, it talks about surface-to-air missiles and their functionality, which is unrelated to the query.""}"
q10	p11486	"{""relevance"": 0, ""explanation"": ""The passage is about the general mission and responsibilities of an air force, but it does not mention pilots flying low or provide any explanation for such an action.""}"
q10	p5184	"{""relevance"": 0, ""explanation"": ""The passage does not mention pilots flying low or any reason for doing so, it appears to be discussing job opportunities in agricultural flying and unrelated to the query.""}"
q10	p3749	"{""relevance"": 3, ""explanation"": ""The passage directly answers the query by stating that one of the main duties of an AG pilot is 'Flying low and avoiding obstacles such as power lines', which perfectly addresses the query of why pilots purposely fly low.""}"
q10	p10068	"{""relevance"": 2, ""explanation"": ""The passage is highly relevant to the query as it discusses flying at low altitudes and the regulations surrounding it, but it does not directly answer why pilots would purposely fly low.""}"
q10	p11150	"{""relevance"": 2, ""explanation"": ""The passage describes a specific historical event where pilots flew low altitude, but it does not directly answer the question of why pilots purposely fly low in general, it only provides an example of such an action in a particular context.""}"
q10	p7858	"{""relevance"": 0, ""explanation"": ""The passage does not mention pilots flying low or provide any information related to the query, it discusses the development of monoplane fighters and bombers.""}"
q10	p6319	"{""relevance"": 3, ""explanation"": ""The passage directly answers the query by explaining that pilots fly low to inspect power lines or pipeline routes for signs of damage, leaks, or to find the cause of reported outages.""}"
q10	p6120	"{""relevance"": 2, ""explanation"": ""The passage does not directly answer why pilots purposely fly low, but it does discuss how pilots may fly too high or too low on approach due to certain conditions, which is related to the query.""}"
q10	p3844	"{""relevance"": 0, ""explanation"": ""The passage discusses specific procedures and clearances related to flying approaches, but does not mention flying low or provide any explanation for why pilots might do so.""}"
q10	p1959	"{""relevance"": 0, ""explanation"": ""The passage is about air traffic control instructions for a missed approach, but it does not mention pilots flying low or provide any reason for doing so.""}"
q10	p5796	"{""relevance"": 0, ""explanation"": ""The passage discusses altitude corrections and missed approach procedures, but does not mention pilots flying low or provide any explanation for doing so.""}"
q10	p10860	"{""relevance"": 2, ""explanation"": ""The passage explains a scenario where pilots fly low to avoid radar detection, which is related to the query, but it's not a direct answer and the context is specific to drug smugglers.""}"
q10	p7474	"{""relevance"": 2, ""explanation"": ""The passage mentions pilots flying low, but in the context of the B-1 Lancer's Low Observable technology, which is related to the query, but the passage doesn't explicitly answer why pilots purposely fly low.""}"
q10	p3478	"{""relevance"": 0, ""explanation"": ""The passage does not mention pilots flying low, it actually describes the SR-71 flying at a higher altitude to avoid detection.""}"
q10	p7657	"{""relevance"": 0, ""explanation"": ""The passage does not mention pilots flying low or provide any explanation for such behavior, it only talks about pilots relying on other pilots for reports of turbulence and unexpected problems.""}"
q10	p3365	"{""relevance"": 0, ""explanation"": ""The passage is about the B-21 bomber and its design, but it does not mention pilots flying low or provide any information related to the query.""}"
q10	p4255	"{""relevance"": 2, ""explanation"": ""The passage is related to flying and radar detection, which is connected to the query about pilots flying low, but it doesn't directly answer the question of why pilots do so.""}"
q10	p3274	"{""relevance"": 0, ""explanation"": ""The passage does not mention pilots flying low or any reason related to flying, it talks about CO leaks in small aircraft cabins and truck cabs, which is unrelated to the query.""}"
q10	p11577	"{""relevance"": 2, ""explanation"": ""The passage explains a scenario where a pilot flies low, but it's for a specific military purpose, not the general reason why pilots fly low, so it's highly relevant but not perfectly relevant.""}"
q10	p11149	"{""relevance"": 0, ""explanation"": ""The passage is about the definition of the verb'strafe' and has no relation to pilots flying low or any aviation-related topic.""}"
q10	p10072	"{""relevance"": 2, ""explanation"": ""The passage describes the challenges of flying low, but does not explicitly explain why pilots do so, it provides context and details about the difficulties of flying low, making it highly relevant but not perfectly relevant.""}"
q10	p7105	"{""relevance"": 0, ""explanation"": ""The passage does not mention pilots flying low or provide any reason for doing so, it appears to be a narrative about a bomber and gliders in a specific situation, unrelated to the query.""}"
q10	p3291	"{""relevance"": 1, ""explanation"": ""The passage mentions flying at low altitude, but it does not explain why pilots would purposely fly low, it only discusses scenarios where low flying might be necessary or unavoidable.""}"
q10	p4244	"{""relevance"": 2, ""explanation"": ""The passage does not directly answer the query 'why do pilots purposely fly low', but it mentions'specially trained pilots' operating 'deep inside enemy territory', which implies that they might be flying low for a specific reason, making it highly relevant.""}"
q27	p3419	"{""relevance"": 3, ""explanation"": ""The passage provides a step-by-step guide on how to cook thin sliced potatoes, which is exactly what the query is asking for, making it perfectly relevant.""}"
q27	p9016	"{""relevance"": 3, ""explanation"": ""The passage provides a step-by-step guide on how to cook thin sliced potatoes, which is exactly what the query is asking for.""}"
q27	p969	"{""relevance"": 3, ""explanation"": ""The passage provides a step-by-step guide on how to cook thinly sliced potatoes, which is exactly what the query is asking for.""}"
q27	p9291	"{""relevance"": 3, ""explanation"": ""The passage provides a detailed recipe for cooking thin sliced potatoes, which aligns perfectly with the query of cooking thin sliced home fries, including specific instructions on peeling, slicing, and roasting the potatoes.""}"
q27	p9187	"{""relevance"": 3, ""explanation"": ""The passage provides a step-by-step guide on how to prepare potato slices, which is a crucial step in cooking thin sliced home fries, making it perfectly relevant to the query.""}"
q27	p5898	"{""relevance"": 2, ""explanation"": ""The passage provides a step-by-step guide on how to prepare potato slices, which is a crucial step in cooking thin sliced home fries, but it doesn't explicitly mention the cooking process.""}"
q27	p3427	"{""relevance"": 0, ""explanation"": ""The passage is about cooking fish, not thin sliced home fries, and it mentions mashing potatoes, which is not relevant to cooking home fries.""}"
q27	p10902	"{""relevance"": 2, ""explanation"": ""The passage is related to slicing thin shapes, which is a crucial step in cooking thin sliced home fries, but it doesn't directly provide cooking instructions.""}"
q27	p10589	"{""relevance"": 3, ""explanation"": ""The passage provides a direct and specific instruction on how to slice thin home fries, which is the first step in cooking them, making it perfectly relevant to the query.""}"
q27	p8322	"{""relevance"": 0, ""explanation"": ""The passage is about cooking leeks, not thin sliced home fries, and does not provide any information on how to cook them.""}"
q27	p2829	"{""relevance"": 0, ""explanation"": ""The passage is discussing radishes, their flavor, and how to prepare them, but it does not mention home fries or cooking thin sliced potatoes, which is the topic of the query.""}"
q27	p776	"{""relevance"": 0, ""explanation"": ""The passage does not mention cooking thin sliced home fries at all, it appears to be a recipe for a different dish, mentioning potato buns and canned shoe string potatoes, but not providing any information on cooking home fries.""}"
q27	p5590	"{""relevance"": 3, ""explanation"": ""The passage provides a step-by-step guide on how to cook thin sliced home fries, including peeling, slicing, soaking, and frying the potatoes, which directly answers the query.""}"
q27	p9144	"{""relevance"": 3, ""explanation"": ""The passage directly addresses the query by providing a specific thickness for cutting home fries and a trick to achieve crispy fries, which is a key aspect of cooking them.""}"
q27	p6826	"{""relevance"": 0, ""explanation"": ""The passage is about cooking leeks, not thin sliced home fries, which makes it completely unrelated to the query.""}"
q27	p6523	"{""relevance"": 3, ""explanation"": ""The passage provides a step-by-step guide on how to prepare potatoes for thin sliced home fries, which directly answers the query.""}"
q27	p9173	"{""relevance"": 0, ""explanation"": ""The passage does not mention cooking thin sliced home fries, but instead provides instructions for cooking pasta and saut√©ing onions, mushrooms, and pancetta.""}"
q27	p27	"{""relevance"": 2, ""explanation"": ""The passage provides a list of ingredients and initial cooking instructions, which are related to cooking thin sliced home fries, but it does not explicitly provide the complete steps for cooking them.""}"
q27	p11595	"{""relevance"": 0, ""explanation"": ""The passage is about the calories in bacon, providing information on the nutritional content of different types of bacon, whereas the query is about cooking thin sliced home fries, which is a completely unrelated topic.""}"
q27	p2796	"{""relevance"": 1, ""explanation"": ""The passage mentions home fries, but it does not provide information on how to cook them, it only mentions that they can be sliced into wide, flat shapes.""}"
q27	p10918	"{""relevance"": 3, ""explanation"": ""The passage provides a step-by-step guide on how to cook thin sliced home fries, including peeling, slicing, drying, and frying the potatoes, which directly answers the query.""}"
q27	p2476	"{""relevance"": 2, ""explanation"": ""The passage provides instructions on how to prepare and slice potatoes, which is a crucial step in cooking thin sliced home fries, but it doesn't explicitly mention cooking methods for home fries.""}"
q27	p759	"{""relevance"": 2, ""explanation"": ""The passage is highly relevant as it talks about cooking thinly sliced potatoes, which is similar to the query about cooking thin sliced home fries, but it doesn't provide specific instructions on how to cook them.""}"
q27	p6422	"{""relevance"": 3, ""explanation"": ""The passage provides a step-by-step guide on how to cook thin sliced potatoes, which is exactly what the query is asking for.""}"
q27	p9091	"{""relevance"": 3, ""explanation"": ""The passage provides a specific instruction on how to slice potatoes thinly, which is a crucial step in cooking thin sliced home fries, making it perfectly relevant to the query.""}"
q27	p608	"{""relevance"": 3, ""explanation"": ""The passage provides a step-by-step guide on how to cook thin sliced potatoes, which is exactly what the query is asking for, making it perfectly relevant.""}"
q27	p8454	"{""relevance"": 2, ""explanation"": ""The passage is highly relevant to the query as it discusses thinly sliced potatoes and mentions different cooking methods, but it doesn't provide a specific recipe or instructions on how to cook thin sliced home fries.""}"
q27	p4165	"{""relevance"": 2, ""explanation"": ""The passage is highly relevant to the query as it provides information on how to cook sliced potatoes, which is similar to cooking thin sliced home fries. Although it doesn't specifically mention 'home fries', the method described can be applied to cooking thin sliced home fries.""}"
q27	p1756	"{""relevance"": 0, ""explanation"": ""The passage is a recipe for a chicken curry dish, but it does not mention or provide instructions on how to cook thin sliced home fries, which is the query.""}"
q27	p7816	"{""relevance"": 3, ""explanation"": ""The passage provides step-by-step instructions on how to slice potatoes thinly, which is a crucial step in cooking thin sliced home fries, making it perfectly relevant to the query.""}"
q27	p8214	"{""relevance"": 3, ""explanation"": ""The passage provides a step-by-step guide on how to cook thin sliced home fries, including the type of oil to use, the cooking process, and the seasoning, making it perfectly relevant to the query.""}"
q27	p307	"{""relevance"": 2, ""explanation"": ""The passage provides a method for preparing potatoes to make fries, which is related to cooking thin sliced home fries, but it doesn't explicitly provide cooking instructions.""}"
q27	p5685	"{""relevance"": 1, ""explanation"": ""The passage provides instructions for preparing a baking dish for cooking potatoes, but it does not specifically address how to cook thin sliced home fries, which is the query.""}"
q27	p1828	"{""relevance"": 0, ""explanation"": ""The passage is about cooking chicken, not thin sliced home fries, so it's completely unrelated to the query.""}"
q27	p10271	"{""relevance"": 0, ""explanation"": ""The passage is about cooking chicken, not home fries, and does not provide any information on how to cook thin sliced home fries.""}"
q27	p2889	"{""relevance"": 1, ""explanation"": ""The passage provides instructions on how to slice a potato, which is a step in cooking home fries, but it does not provide direct information on how to cook thin sliced home fries.""}"
q27	p8333	"{""relevance"": 0, ""explanation"": ""The passage is about cooking Honey Baked Ham, not thin sliced home fries, which are two completely different foods, making it irrelevant to the query.""}"
q27	p4065	"{""relevance"": 1, ""explanation"": ""The passage mentions slicing potatoes into thin disks, which is related to cooking thin sliced home fries, but it doesn't provide any cooking instructions or specific information on how to cook them.""}"
q27	p3477	"{""relevance"": 0, ""explanation"": ""The passage is about greasing potatoes to achieve crispier skin, but it does not provide any information on how to cook thin sliced home fries, which is the main query.""}"
q12	p6045	"{""relevance"": 0, ""explanation"": ""The passage does not mention track spikes or factors affecting their selection, and instead talks about the team atmosphere in track and field events.""}"
q12	p2538	"{""relevance"": 0, ""explanation"": ""The passage discusses the differences between microspikes and crampons, which is unrelated to the query about factors affecting the selection of track spikes for junior and senior athletes.""}"
q12	p531	"{""relevance"": 0, ""explanation"": ""The passage discusses the athletic divisions in schools and their impact on the athletic experience, but it does not mention track spikes or any factors affecting their selection for junior and senior athletes, making it completely irrelevant to the query.""}"
q12	p3637	"{""relevance"": 0, ""explanation"": ""The passage does not mention track spikes or factors affecting their selection, it only talks about a specific athlete's achievements in track and field events.""}"
q12	p7780	"{""relevance"": 0, ""explanation"": ""The passage does not mention track spikes or any factors affecting their selection for junior and senior athletes, it only talks about a virtual 5K event and features a volleyball player and a track and field athlete.""}"
q12	p10552	"{""relevance"": 0, ""explanation"": ""The passage is talking about tennis shoes and their suitability for running and tennis, but it does not mention track spikes or factors affecting their selection for junior and senior athletes, making it completely irrelevant to the query.""}"
q12	p9188	"{""relevance"": 1, ""explanation"": ""The passage is related to the query as it discusses track spikes, but it does not specifically address the factors affecting the selection of track spikes for junior and senior athletes, instead comparing sprint and middle distance spikes.""}"
q12	p1156	"{""relevance"": 0, ""explanation"": ""The passage is about a specific track shoe model, its features, and its suitability for middle distance running, but it does not discuss the factors affecting the selection of track spikes for junior and senior athletes.""}"
q12	p6093	"{""relevance"": 1, ""explanation"": ""The passage mentions a specific type of track spike (Adidas Adizero Finesse) and its features, but does not discuss the factors that affect the selection of track spikes for junior and senior athletes, which is the main query.""}"
q12	p9456	"{""relevance"": 1, ""explanation"": ""The passage discusses the difference in track shoes for sprinters and long-distance runners, which is related to the query about factors affecting the selection of track spikes, but it does not directly answer the query.""}"
q12	p9063	"{""relevance"": 2, ""explanation"": ""The passage is related to the query as it mentions track spikes and provides some general advice on their usage, but it does not directly address the factors that affect the selection of track spikes for junior and senior athletes.""}"
q12	p596	"{""relevance"": 1, ""explanation"": ""The passage is related to track and field athletes and mentions spiked running shoes, which is relevant to track spikes, but it does not specifically address the factors affecting the selection of track spikes for junior and senior athletes.""}"
q12	p7167	"{""relevance"": 1, ""explanation"": ""The passage is related to track spikes, but it specifically talks about the characteristics of spikes for middle-distance runners, which is a subset of the query's scope, and does not directly address the factors affecting the selection of track spikes for junior and senior athletes.""}"
q12	p10903	"{""relevance"": 2, ""explanation"": ""The passage is highly relevant as it provides specific information about choosing a pair of spikes, which is related to the query about factors affecting the selection of track spikes. However, it does not directly answer the query and seems to be providing general tips rather than specific factors.""}"
q12	p1745	"{""relevance"": 1, ""explanation"": ""The passage is about a specific brand and model of track spikes, but it doesn't directly address the factors that affect the selection of track spikes for junior and senior athletes, it only provides a description of the product.""}"
q12	p6863	"{""relevance"": 2, ""explanation"": ""The passage discusses the factors that affect the selection of track spikes, specifically the type of track surface, which is relevant to the query, but it does not provide a comprehensive answer for junior and senior athletes.""}"
q12	p6253	"{""relevance"": 2, ""explanation"": ""The passage discusses the factors affecting the selection of track spikes, specifically the type of track surface, which is relevant to the query. However, it does not provide a comprehensive answer for junior and senior athletes, hence the score of 2.""}"
q12	p3656	"{""relevance"": 0, ""explanation"": ""The passage is about sepak takraw, a sport unrelated to track spikes, and does not mention junior or senior athletes, making it completely irrelevant to the query.""}"
q12	p9222	"{""relevance"": 0, ""explanation"": ""The passage is discussing the shapes of algae and their classification, which has no relation to track spikes or athletes.""}"
q12	p6738	"{""relevance"": 1, ""explanation"": ""The passage is related to the query as it talks about track spikes and their importance for athletes, but it does not specifically discuss the factors that affect the selection of track spikes for junior and senior athletes.""}"
q12	p11004	"{""relevance"": 2, ""explanation"": ""The passage discusses the factors to consider when choosing track spikes, specifically mentioning the distance of the run as a factor, which is related to the query about factors affecting track spike selection for junior and senior athletes.""}"
q12	p3402	"{""relevance"": 2, ""explanation"": ""The passage mentions spikes on a shoe, which is related to track spikes, and explains their purpose in gaining speed, but it does not directly address the factors affecting the selection of track spikes for junior and senior athletes.""}"
q12	p4285	"{""relevance"": 0, ""explanation"": ""The passage appears to be the main page of a university's athletic website, listing various sports and their schedules, rosters, and news. There is no mention of track spikes or factors affecting their selection for junior and senior athletes, making the passage completely irrelevant to the query.""}"
q12	p8299	"{""relevance"": 1, ""explanation"": ""The passage is related to track shoes, but it specifically discusses long distance runners and the importance of cushioning, which is not directly relevant to the query about factors affecting the selection of track spikes for junior and senior athletes.""}"
q12	p1248	"{""relevance"": 1, ""explanation"": ""The passage explains the purpose and design of track spikes, but it does not specifically address the factors that affect the selection of track spikes for junior and senior athletes.""}"
q12	p3671	"{""relevance"": 0, ""explanation"": ""The passage does not mention track spikes or their selection for junior and senior athletes, it only talks about the technique of a 100m athlete during acceleration.""}"
q12	p8397	"{""relevance"": 0, ""explanation"": ""The passage discusses golf drivers and their features, which has no relation to track spikes or athletes, making it completely irrelevant to the query.""}"
q12	p3518	"{""relevance"": 0, ""explanation"": ""The passage is completely unrelated to the query about factors affecting the selection of track spikes for junior and senior athletes, instead it talks about Honey Stinger organic energy chews and their benefits for athletic performance.""}"
q12	p3702	"{""relevance"": 0, ""explanation"": ""The passage is about rare spike collars and wristbands in a game called Animal Jam, which has no relation to track spikes or athletes.""}"
q12	p3449	"{""relevance"": 1, ""explanation"": ""The passage mentions spiked shoes, which is related to track spikes, but it doesn't directly address the factors affecting the selection of track spikes for junior and senior athletes.""}"
q12	p6026	"{""relevance"": 1, ""explanation"": ""The passage is related to the query as it mentions spikes, but it doesn't specifically discuss the factors affecting the selection of track spikes for junior and senior athletes. It rather talks about the misuse of spikes and its effect on the track's life expectancy.""}"
q12	p11099	"{""relevance"": 0, ""explanation"": ""The passage is discussing a specific product called Bird Spikes and its features, which has no relation to the query about factors affecting the selection of track spikes for junior and senior athletes.""}"
q12	p502	"{""relevance"": 1, ""explanation"": ""The passage discusses the different muscular capacities and needs of runners competing in various events, which is related to the query about factors affecting track spike selection, but it does not directly address the query or provide any information about junior and senior athletes.""}"
q12	p9923	"{""relevance"": 1, ""explanation"": ""The passage discusses the different needs of athletes based on the distance they run, which is related to the query about factors affecting track spike selection, but it does not provide a direct answer to the query.""}"
q12	p10201	"{""relevance"": 0, ""explanation"": ""The passage discusses the features of socks, specifically materials and fit, but does not mention track spikes or factors affecting their selection for junior and senior athletes, making it completely irrelevant to the query.""}"
q12	p8307	"{""relevance"": 0, ""explanation"": ""The passage is discussing socks for athlete's foot, which is unrelated to the query about factors affecting the selection of track spikes for junior and senior athletes.""}"
q12	p9518	"{""relevance"": 0, ""explanation"": ""The passage is completely unrelated to the query about factors affecting the selection of track spikes for junior and senior athletes, instead it's a product description of cable ties.""}"
q12	p7819	"{""relevance"": 0, ""explanation"": ""The passage does not mention track spikes or factors affecting their selection for junior and senior athletes, instead providing a brief biography of Phil Knight, the founder of Nike, and his experience with his track coach at University of Oregon.""}"
q12	p10976	"{""relevance"": 2, ""explanation"": ""The passage is highly relevant as it discusses track spikes for athletes, which is related to the query about factors affecting the selection of track spikes. Although it doesn't directly answer the query, it sets the context and implies that the selection of track spikes is important for athletes' performance.""}"
q12	p978	"{""relevance"": 2, ""explanation"": ""The passage is highly relevant as it discusses the factors that affect the selection of track spikes, specifically mentioning the distance of the runner as a factor.""}"
q12	p4477	"{""relevance"": 0, ""explanation"": ""The passage does not mention junior and senior athletes, and does not provide any information about factors affecting the selection of track spikes for these groups, it only talks about long distance track spikes in general.""}"
q12	p11554	"{""relevance"": 1, ""explanation"": ""The passage mentions track spikes and different types of events, which is related to the query, but it does not specifically discuss the factors that affect the selection of track spikes for junior and senior athletes.""}"
q12	p3855	"{""relevance"": 0, ""explanation"": ""The passage does not mention track spikes or factors affecting their selection, it only talks about the vocabulary and language of athletics and provides a brief overview of different events in athletics.""}"
q12	p538	"{""relevance"": 1, ""explanation"": ""The passage discusses the features of long distance track spikes, but it does not specifically address the factors affecting the selection of track spikes for junior and senior athletes, making it related but not directly answering the query.""}"
q12	p6559	"{""relevance"": 1, ""explanation"": ""The passage discusses mid-distance track spikes, but it does not explicitly address the factors affecting the selection of track spikes for junior and senior athletes, which is the main query. However, it provides some information about the features of mid-distance spikes, which is somewhat related to the query.""}"
q12	p11407	"{""relevance"": 1, ""explanation"": ""The passage mentions mid-distance spikes and their characteristics, but it does not directly address the factors affecting the selection of track spikes for junior and senior athletes, making it related but not directly relevant.""}"
q12	p888	"{""relevance"": 1, ""explanation"": ""The passage describes the design features of sprinting track spikes, but does not directly address the factors affecting the selection of track spikes for junior and senior athletes.""}"
q12	p5517	"{""relevance"": 1, ""explanation"": ""The passage is related to track spikes, but it doesn't specifically discuss the factors that affect the selection of track spikes for junior and senior athletes. It provides general information about spikes for field events and their features.""}"
q12	p3182	"{""relevance"": 2, ""explanation"": ""The passage provides information on the selection of track spikes, specifically the number of spikes needed for different distances, which is related to the query about factors affecting spike selection for junior and senior athletes, but it does not explicitly address the query's focus on junior and senior athletes.""}"
q12	p8680	"{""relevance"": 1, ""explanation"": ""The passage discusses the regulations and considerations for choosing track spikes, but it does not specifically address the factors that affect the selection of track spikes for junior and senior athletes.""}"
q12	p10884	"{""relevance"": 1, ""explanation"": ""The passage discusses the use of cross country spikes and race shoes for long distance track events, which is related to the query about factors affecting the selection of track spikes, but it does not provide specific factors or information about junior and senior athletes.""}"
q12	p6229	"{""relevance"": 1, ""explanation"": ""The passage discusses the characteristics of long distance track spikes, but does not specifically address the factors affecting the selection of track spikes for junior and senior athletes, making it related but not directly answering the query.""}"
q12	p6451	"{""relevance"": 1, ""explanation"": ""The passage discusses mid-distance track spikes, but it does not directly address the factors affecting the selection of track spikes for junior and senior athletes, making it related but not providing a clear answer to the query.""}"
q12	p3765	"{""relevance"": 1, ""explanation"": ""The passage discusses mid-distance spikes and their benefits, but it does not explicitly address the factors that affect the selection of track spikes for junior and senior athletes, which is the main query.""}"
q12	p4526	"{""relevance"": 1, ""explanation"": ""The passage describes the design of sprinting track spikes, but it does not directly address the factors that affect the selection of track spikes for junior and senior athletes, making it related but not directly relevant to the query.""}"
q12	p5880	"{""relevance"": 1, ""explanation"": ""The passage is related to track spikes, but it doesn't specifically address the factors affecting the selection of track spikes for junior and senior athletes. It provides general information about spikes designed for field events.""}"
q12	p5337	"{""relevance"": 2, ""explanation"": ""The passage provides information on how to choose the right spikes for different types of track events, which is related to the query about factors affecting the selection of track spikes for junior and senior athletes, but it doesn't explicitly answer the query.""}"
q12	p2995	"{""relevance"": 1, ""explanation"": ""The passage is related to track spikes, but it does not specifically discuss the factors that affect the selection of track spikes for junior and senior athletes, it only compares track spikes with cross country spikes.""}"
q12	p5456	"{""relevance"": 0, ""explanation"": ""The passage is completely unrelated to the query, which is about factors affecting the selection of track spikes for junior and senior athletes, whereas the passage discusses GPS tracking for delivery and fleet management.""}"
q12	p1701	"{""relevance"": 0, ""explanation"": ""The passage is about a specific product review of compression run socks and does not mention track spikes or factors affecting their selection for junior and senior athletes, making it completely irrelevant to the query.""}"
q12	p4007	"{""relevance"": 0, ""explanation"": ""The passage does not mention factors affecting the selection of track spikes for junior and senior athletes, it only talks about the existence of track sprinting shoes with spikes and the dependence on individual requirements and running practices.""}"
q12	p914	"{""relevance"": 2, ""explanation"": ""The passage is highly relevant as it provides information about track shoes, specifically sprint spikes, which is related to the query about factors affecting the selection of track spikes for junior and senior athletes. Although it doesn't directly answer the query, it provides some relevant information about track shoes that could be useful in understanding the selection factors.""}"
q12	p6243	"{""relevance"": 1, ""explanation"": ""The passage mentions a specific type of track spike and its features, but it does not explicitly discuss the factors that affect the selection of track spikes for junior and senior athletes, making it related but not directly answering the query.""}"
q12	p3716	"{""relevance"": 1, ""explanation"": ""The passage describes the features of a specific sprint spike shoe, but does not mention factors affecting the selection of track spikes for junior and senior athletes, making it only related to the query.""}"
q12	p5528	"{""relevance"": 1, ""explanation"": ""The passage talks about the outsole of sprint spikes, which is related to track spikes, but it does not directly address the factors affecting the selection of track spikes for junior and senior athletes.""}"
q12	p5192	"{""relevance"": 3, ""explanation"": ""The passage is dedicated to the query and contains the exact answer, as it directly addresses the factors that affect the selection of track spikes for junior and senior athletes.""}"
q12	p9053	"{""relevance"": 0, ""explanation"": ""The passage is about assembling a team for a 3200M track relay and has no mention of track spikes or factors affecting their selection for junior and senior athletes, making it completely irrelevant to the query.""}"
q48	p6291	"{""relevance"": 0, ""explanation"": ""The passage is about a specific workout routine for abs and does not mention older adults or gaining strength, making it completely unrelated to the query.""}"
q48	p9443	"{""relevance"": 0, ""explanation"": ""The passage is about nail care and maintenance, and does not mention anything related to older adults or strength training, making it completely irrelevant to the query.""}"
q48	p9950	"{""relevance"": 3, ""explanation"": ""The passage directly answers the query by stating that strength training once or twice per week can still lead to significant results in strength, which implies that older adults can gain strength by training once per week.""}"
q48	p848	"{""relevance"": 2, ""explanation"": ""The passage is highly relevant as it discusses the frequency of strength training, specifically mentioning training once a week, and presents an expert's opinion on its effectiveness, although it does not provide a clear answer to the query.""}"
q48	p1579	"{""relevance"": 1, ""explanation"": ""The passage provides general guidelines for altering exercise routines to achieve different fitness goals, but it does not specifically address the question of whether older adults can gain strength by training once per week.""}"
q48	p10113	"{""relevance"": 0, ""explanation"": ""The passage provides general guidelines for altering repetitions and sets based on fitness goals, but does not specifically address the query about older adults gaining strength by training once per week.""}"
q48	p2313	"{""relevance"": 1, ""explanation"": ""The passage is related to strength training, which is relevant to the query, but it does not specifically address the question of whether older adults can gain strength by training once per week.""}"
q48	p3508	"{""relevance"": 0, ""explanation"": ""The passage is discussing specific weightlifting goals and exercises, but does not mention older adults or training once per week, making it completely unrelated to the query.""}"
q48	p5457	"{""relevance"": 2, ""explanation"": ""The passage is highly relevant as it mentions strength training for older adults, which is related to the query, but it does not explicitly state whether training once per week is sufficient for gaining strength.""}"
q48	p11575	"{""relevance"": 1, ""explanation"": ""The passage talks about deadlifts being an important component of strength training, but it does not specifically address the question of whether older adults can gain strength by training once per week, so it's related but doesn't provide a clear answer.""}"
q48	p1888	"{""relevance"": 2, ""explanation"": ""The passage discusses the frequency of strength training sessions, but doesn't directly answer the question about older adults. However, it does provide general information about the effectiveness of total-body strength training sessions, which is related to the query.""}"
q48	p4113	"{""relevance"": 0, ""explanation"": ""The passage is talking about hidden sugars in food and dessert consumption, which has no relation to the query about older adults gaining strength through training.""}"
q48	p509	"{""relevance"": 0, ""explanation"": ""The passage is about a trial involving Tamiflu and influenza, which has no relation to strength training or older adults.""}"
q48	p9807	"{""relevance"": 0, ""explanation"": ""The passage is discussing different types of workout splits and how often each muscle group is trained, but it does not mention older adults or training once per week, making it completely unrelated to the query.""}"
q48	p7248	"{""relevance"": 0, ""explanation"": ""The passage does not mention older adults, strength training, or exercising once per week, it talks about a specific therapy program and its benefits.""}"
q48	p5207	"{""relevance"": 2, ""explanation"": ""The passage does not directly answer the query, but it is related to the topic of strength training for older adults, which implies that it might provide some insight or information that can be used to infer an answer to the query.""}"
q48	p7689	"{""relevance"": 0, ""explanation"": ""The passage discusses the frequency of exercise among American adults but does not mention strength training or its effectiveness for older adults, making it irrelevant to the query.""}"
q48	p10628	"{""relevance"": 3, ""explanation"": ""The passage directly answers the query by stating that one or two strength-training sessions per week can be sufficient for older adults to gain strength, which perfectly aligns with the query's question.""}"
q48	p9500	"{""relevance"": 2, ""explanation"": ""The passage is highly relevant as it discusses the effect of strength training frequency on strength improvements, which is closely related to the query. Although it doesn't specifically focus on older adults, the information about training once a week is applicable to the query.""}"
q48	p2870	"{""relevance"": 2, ""explanation"": ""The passage does not directly answer the query, but it provides relevant information about the effectiveness of strength training at different frequencies, including once a week, which is the query's focus. The passage shows that training once a week can lead to equal strength improvements as training twice a week, but it does not explicitly state whether older adults can gain strength by training once per week.""}"
q48	p2724	"{""relevance"": 3, ""explanation"": ""The passage directly answers the query by stating that subjects who trained once a week made significant gains in muscle strength, which implies that older adults can gain strength by training once per week.""}"
q48	p1513	"{""relevance"": 2, ""explanation"": ""The passage directly addresses the query by comparing the strength improvements of subjects who trained once a week to those who trained more frequently, providing a relevant answer to the question.""}"
q48	p5244	"{""relevance"": 2, ""explanation"": ""The passage is related to the query as it discusses the frequency of training for muscle growth, but it does not directly answer the question of whether older adults can gain strength by training once per week, and the information provided is more focused on optimal frequency for muscle growth rather than specifically addressing the query.""}"
q48	p7138	"{""relevance"": 0, ""explanation"": ""The passage is about the muscles worked in a deadlift exercise, which is unrelated to the query about older adults gaining strength by training once a week.""}"
q48	p2624	"{""relevance"": 2, ""explanation"": ""The passage is highly relevant as it mentions training once or twice a week and its impact on strength, which is related to the query about older adults gaining strength by training once per week, but it doesn't directly answer the query.""}"
q48	p3563	"{""relevance"": 0, ""explanation"": ""The passage provides guidance on strength training exercises and sets, but does not mention older adults or the frequency of training, making it irrelevant to the query.""}"
q48	p9337	"{""relevance"": 2, ""explanation"": ""The passage does not directly answer the query, but it provides related information about the effects of training on strength in older and younger adults, which can be used to infer an answer to the query.""}"
q48	p3580	"{""relevance"": 1, ""explanation"": ""The passage is related to the query as it talks about strength training for older adults, but it does not directly answer whether they can gain strength by training once per week.""}"
q48	p5545	"{""relevance"": 2, ""explanation"": ""The passage is highly relevant as it discusses a study that compares training once a week to training twice a week, which is related to the query about older adults gaining strength by training once per week, but it does not directly answer the question.""}"
q48	p1660	"{""relevance"": 3, ""explanation"": ""The passage directly answers the query, stating that strength training once a week is sufficient to maintain strength gains, implying that older adults can indeed gain strength by training once per week.""}"
q48	p1591	"{""relevance"": 2, ""explanation"": ""The passage is highly relevant as it discusses the idea of training one muscle group per session, which is related to the query about older adults gaining strength by training once per week, but it doesn't provide a direct answer to the query.""}"
q48	p8542	"{""relevance"": 3, ""explanation"": ""The passage directly answers the query, stating that older adults can make significant strength gains by training only once per week, which is exactly what the query is asking.""}"
q48	p2085	"{""relevance"": 0, ""explanation"": ""The passage does not mention anything about gaining strength by training once per week, it only lists some recommended texts related to strength training and fitness for older adults.""}"
q48	p8023	"{""relevance"": 1, ""explanation"": ""The passage describes an upper body strength training program, but it does not specifically address the question of whether older adults can gain strength by training once per week.""}"
q48	p6923	"{""relevance"": 0, ""explanation"": ""The passage appears to be a list of colleges and universities in the US, along with various degree levels and categories. There is no mention of older adults, strength training, or exercising once a week, making it completely irrelevant to the query.""}"
q48	p8918	"{""relevance"": 2, ""explanation"": ""The passage is highly relevant as it discusses strength training for people over 50, which is related to the query, but it does not directly answer the question of whether training once per week is sufficient, instead recommending a frequency of two to four times per week.""}"
q48	p2709	"{""relevance"": 0, ""explanation"": ""The passage appears to be a list of references or citations, primarily related to baseball and sports, with no mention of strength training or older adults.""}"
q48	p8260	"{""relevance"": 1, ""explanation"": ""The passage discusses different types of workout plans and their frequencies, but it does not specifically address whether older adults can gain strength by training once per week, making it related but not directly answering the query.""}"
q48	p3200	"{""relevance"": 0, ""explanation"": ""The passage is about promoting Reebok products and has no mention of older adults or strength training, making it completely irrelevant to the query.""}"
q48	p108	"{""relevance"": 3, ""explanation"": ""The passage directly answers the query, stating that strength training once or twice per week can still yield significant results in strength, which is exactly what the query is asking.""}"
q48	p5277	"{""relevance"": 2, ""explanation"": ""The passage is highly relevant as it directly addresses the query about strength training once a week, but the answer is not straightforward and is presented as a contradictory opinion from an expert.""}"
q48	p7252	"{""relevance"": 0, ""explanation"": ""The passage does not mention older adults or strength training, and is primarily focused on the importance of stretching before a workout to prevent injury.""}"
q48	p684	"{""relevance"": 0, ""explanation"": ""The passage does not mention older adults, strength training, or frequency of training, making it completely unrelated to the query.""}"
q48	p2293	"{""relevance"": 0, ""explanation"": ""The passage discusses the effectiveness of dumbbell deadlifts compared to barbell deadlifts, but does not mention older adults or training frequency, making it completely irrelevant to the query.""}"
q48	p1433	"{""relevance"": 2, ""explanation"": ""The passage is related to the query as it mentions training once per week, but it doesn't directly answer whether older adults can gain strength by training once per week. It provides an example of a deadlift program that involves training once per week, but the context is specific to a particular program and individual, rather than older adults in general.""}"
q48	p9852	"{""relevance"": 0, ""explanation"": ""The passage discusses the effects of D-ribose supplements on exercise performance and chronic fatigue syndrome, but does not mention strength training or older adults, making it completely unrelated to the query.""}"
q48	p3980	"{""relevance"": 0, ""explanation"": ""The passage does not mention older adults, strength training, or the frequency of training, and is instead focused on the effects of D-ribose supplements on athletic performance and chronic fatigue syndrome.""}"
q48	p4323	"{""relevance"": 0, ""explanation"": ""The passage does not mention older adults, strength training, or the frequency of training, and is instead focused on the effects of D-ribose supplements on athletic performance and chronic fatigue syndrome.""}"
q48	p2162	"{""relevance"": 2, ""explanation"": ""The passage discusses muscle gain and strength training, but does not directly answer the query about training once per week for older adults. However, it provides related information about the frequency of strength training, suggesting that several times per week is recommended, which implies that training once per week might not be sufficient.""}"
q48	p5067	"{""relevance"": 0, ""explanation"": ""The passage discusses the relationship between fast food consumption and obesity in young adults and adults aged 20 and older, but does not mention strength training or older adults gaining strength, making it completely irrelevant to the query.""}"
q48	p8460	"{""relevance"": 0, ""explanation"": ""The passage discusses training methods for running, specifically interval training and fartleks, but does not mention strength training or older adults, making it completely irrelevant to the query.""}"
q48	p10665	"{""relevance"": 0, ""explanation"": ""The passage discusses the effects of aerobic exercise on calorie burning and fat loss, but does not mention strength training or older adults, making it completely irrelevant to the query.""}"
q48	p1643	"{""relevance"": 0, ""explanation"": ""The passage discusses the effects of fatigue and sleep deprivation on mental alertness and how exercise can provide short-term benefits, but it does not mention older adults or strength training, making it completely irrelevant to the query.""}"
q48	p314	"{""relevance"": 1, ""explanation"": ""The passage provides general guidance on building muscle through weightlifting, but it does not specifically address the question of whether older adults can gain strength by training once per week.""}"
